Type,Name,Request Count,Failure Count,Median Response Time,Average Response Time,Min Response Time,Max Response Time,Average Content Size,Requests/s,Failures/s,50%,66%,75%,80%,90%,95%,98%,99%,99.9%,99.99%,100%
POST,/orders/addItem/[order_id]/[item_id],618,0,130000.0,128783.75011701445,107394.33543399718,131349.47511200153,157.0,2.060086811417809,0.0,130000,130000,131000,131000,131000,131000,131000,131000,131000,131000,131000
POST,/orders/create/[user_id],3299,3299,131000.0,133031.79471515142,107447.09939499808,172953.3794529998,157.0,10.997130082309631,10.997130082309631,131000,131000,131000,131000,132000,171000,172000,172000,173000,173000,173000
POST,/payment/add_funds/[user_id]/[amount],4258,0,690.0,780.733156531255,3.873423000186449,2718.3220160004566,76.74401127289808,14.193931461192607,0.0,690,970,1200,1300,1700,2000,2300,2400,2700,2700,2700
POST,/payment/create_user,4753,0,690.0,782.5628077264898,2.589625000837259,2746.9491049996577,29.739743320008415,15.844000994609784,0.0,690,970,1200,1300,1700,2000,2400,2600,2700,2700,2700
POST,/stock/add/[item_id]/[number],22181,0,11,313.0835052909822,3.24427600207855,2750.963475999015,52.97890086109734,73.93978246611395,0.0,11,59,480,710,1100,1500,2000,2300,2700,2700,2800
POST,/stock/item/create/[price],22301,0,10,1201.93371620015,2.215069001977099,15819.369266002468,29.73956324828483,74.33979932269993,0.0,10,150,780,1200,4000,8000,13000,14000,16000,16000,16000
,Aggregated,57410,3299,25,9741.385824404717,2.215069001977099,172953.3794529998,50.88738895662777,191.37473113834372,10.997130082309631,25,640,1000,1300,4700,130000,131000,132000,172000,173000,173000
