Type,Name,Request Count,Failure Count,Median Response Time,Average Response Time,Min Response Time,Max Response Time,Average Content Size,Requests/s,Failures/s,50%,66%,75%,80%,90%,95%,98%,99%,99.9%,99.99%,100%
POST,/orders/addItem/[order_id]/[item_id],136,0,31,29.109068029429984,7.72414499988372,111.03111899956275,84.41911764705883,0.4533601899691902,0.0,31,34,35,36,41,62,90,99,110,110,110
POST,/orders/checkout/[order_id],90,0,49,50.53693022221827,12.669652000113274,152.22940100011328,59.13333333333333,0.3000177727737288,0.0,49,57,62,68,83,110,130,150,150,150,150
POST,/orders/create/[user_id],90,0,18,20.90002747778878,6.634852999923169,69.79822399989644,31.666666666666668,0.3000177727737288,0.0,19,26,28,29,32,47,53,70,70,70,70
DELETE,/orders/removeItem/[order_id]/[item_id],17,0,31,30.77128458822057,9.251074000530934,121.46362899966334,98.47058823529412,0.056670023746148775,0.0,31,33,35,36,46,120,120,120,120,120,120
POST,/payment/add_funds/[user_id]/[amount],67,0,10,10.382804835844853,3.2204270000875113,34.500875000048836,76.7910447761194,0.2233465641759981,0.0,10,13,14,14,15,25,31,35,35,35,35
POST,/payment/create_user,93,0,8,7.561387935546067,2.254285000162781,57.39225100023759,29.774193548387096,0.31001836519951975,0.0,8,9,9,10,10,11,15,57,57,57,57
POST,/stock/add/[item_id]/[number],125,0,9,10.86779440799728,3.152580999994825,73.90645000032237,52.656,0.41669135107462335,0.0,9,13,13,14,16,21,39,42,74,74,74
POST,/stock/item/create/[price],125,0,7,9.297558368059981,2.3218640008053626,77.9586600001494,29.744,0.41669135107462335,0.0,7,9,10,10,11,11,72,74,78,78,78
,Aggregated,743,0,12,19.960696341880766,2.254285000162781,152.22940100011328,53.21803499327053,2.4768133907875614,0.0,12,18,28,33,45,62,78,99,150,150,150
